{"episode_rewards": [887.7999999999807, 909.6999999999844, 884.7999999999853, 907.9999999999924, 886.0999999999784, 894.8999999999804, 907.4999999999905, 926.2999999999953, 889.1999999999878, 765.199999999962, 898.8999999999812, 894.7999999999827, 881.5999999999874, 904.5999999999884, 894.8999999999805, 894.3999999999797, 891.9999999999809, 886.8999999999816, 883.7999999999777, 892.699999999985, 901.0999999999822, 886.9999999999842, 889.8999999999817, 885.1999999999797, 909.1999999999875, 904.3999999999884, 885.7999999999834, 879.3999999999805, 893.3999999999801, 897.5999999999794, 892.5999999999864, 879.1999999999761, 895.5999999999854, 896.4999999999817, 899.9999999999851, 907.9999999999845, 902.5999999999821, 906.599999999983, 914.199999999982, 886.7999999999876, 895.099999999983, 895.6999999999794, 900.6999999999819, 909.5999999999847, 901.9999999999866, 896.9999999999889, 895.1999999999772, 883.5999999999842, 890.4999999999802, 905.9999999999867, 879.9999999999885, 898.0999999999868, 859.4999999999752, 885.6999999999787, 900.0999999999802, 911.5999999999817], "std_all_episodes": 20.396495797476284, "mean_all_episodes": 893.0285714285544, "number_episodes": 56}