{"episode_rewards": [887.7999999999807, 909.6999999999844, 884.7999999999853, 907.9999999999924], "std_all_episodes": 11.340717569891844, "mean_all_episodes": 897.5749999999856, "number_episodes": 4}