{"episode_rewards": [887.7999999999807, 909.6999999999844, 884.7999999999853, 907.9999999999924, 886.0999999999784, 894.8999999999804, 907.4999999999905, 926.2999999999953, 889.1999999999878, 765.199999999962, 898.8999999999812, 894.7999999999827, 881.5999999999874, 904.5999999999884, 894.8999999999805, 894.3999999999797, 891.9999999999809, 886.8999999999816], "std_all_episodes": 31.987165636118434, "mean_all_episodes": 889.3111111110943, "number_episodes": 18}