{"episode_rewards": [887.7999999999807, 909.6999999999844, 884.7999999999853, 907.9999999999924, 886.0999999999784, 894.8999999999804, 907.4999999999905, 926.2999999999953, 889.1999999999878, 765.199999999962, 898.8999999999812, 894.7999999999827, 881.5999999999874], "std_all_episodes": 37.27270524409967, "mean_all_episodes": 887.2923076922915, "number_episodes": 13}