{"episode_rewards": [887.7999999999807, 909.6999999999844, 884.7999999999853, 907.9999999999924, 886.0999999999784, 894.8999999999804, 907.4999999999905, 926.2999999999953, 889.1999999999878, 765.199999999962, 898.8999999999812, 894.7999999999827, 881.5999999999874, 904.5999999999884, 894.8999999999805, 894.3999999999797, 891.9999999999809, 886.8999999999816, 883.7999999999777, 892.699999999985, 901.0999999999822, 886.9999999999842, 889.8999999999817, 885.1999999999797, 909.1999999999875, 904.3999999999884, 885.7999999999834, 879.3999999999805, 893.3999999999801, 897.5999999999794, 892.5999999999864, 879.1999999999761, 895.5999999999854, 896.4999999999817, 899.9999999999851, 907.9999999999845, 902.5999999999821, 906.599999999983, 914.199999999982, 886.7999999999876, 895.099999999983], "std_all_episodes": 22.531257949150294, "mean_all_episodes": 892.5439024390076, "number_episodes": 41}