{"episode_rewards": [887.7999999999807, 909.6999999999844, 884.7999999999853, 907.9999999999924, 886.0999999999784, 894.8999999999804, 907.4999999999905, 926.2999999999953, 889.1999999999878], "std_all_episodes": 13.40878650570839, "mean_all_episodes": 899.3666666666528, "number_episodes": 9}